"","x"
"1","andperforming on their new song Humsafar from Badrinath Ki Dulhaniya in our college …"
"2","andperforming on their new song Humsafar from Badrinath Ki Dulhaniya in our college …"
"3","andperforming on their new song Humsafar from Badrinath Ki Dulhaniya in our college …"
"4","andperforming on their new song Humsafar from Badrinath Ki Dulhaniya in our college …"
"5","andperforming on their new song Humsafar from Badrinath Ki Dulhaniya in our college …"
"6","andperforming on their new song Humsafar from Badrinath Ki Dulhaniya in our college …"
"7","andperforming on their new song Humsafar from Badrinath Ki Dulhaniya in our college …"
"8","andperforming on their new song Humsafar from Badrinath Ki Dulhaniya in our college …"
"9","This photo of Karan Johar kissing Alia Bhatt will melt your heart"
"10","days toBadrinath Ki dulhaniyaanddays to <U+653C><U+3E64><U+613C><U+3E30><U+623C><U+3E64><U+653C><U+3E64><U+623C><U+3E38><U+383C><U+3E61>Kiski sarkarbtw good evening after<U+653C><U+3E64><U+613C><U+3E30><U+623C><U+3E64><U+653C><U+3E64><U+623C><U+3E38><U+383C><U+3E39><U+270C>"
"11","andperforming on their new song Humsafar from Badrinath Ki Dulhaniya in our college …"
"12","Varun Dhawan Dont let periods shut girls out of schools"
"13","This Friday do watch Badrinath ki Dulhaniya in cinemas near you I know this will be a blockbuster movie for sure"
"14","andperforming on their new song Humsafar from Badrinath Ki Dulhaniya in our college …"
"15","andperforming on their new song Humsafar from Badrinath Ki Dulhaniya in our college …"
"16","andperforming on their new song Humsafar from Badrinath Ki Dulhaniya in our college …"
"17","love youyou are the best humble kind sweet rockstarlovingall the best for Badrinath ki dulhaniyas…"
"18","love youyou are the best humble kind sweet rockstarlovingall the best for Badrinath ki dulhaniyas…"
"19","love youyou are the best humble kind sweet rockstarlovingall the best for Badrinath ki dulhaniyas…"
"20","andperforming on their new song Humsafar from Badrinath Ki Dulhaniya in our college …"
"21","andperforming on their new song Humsafar from Badrinath Ki Dulhaniya in our college …"
"22","andperforming on their new song Humsafar from Badrinath Ki Dulhaniya in our college …"
"23","This is what Varun Dhawan said when asked about his dulhania"
"24","This photo of Karan Johar kissing Alia Bhatt will melt your heart"
"25","andperforming on their new song Humsafar from Badrinath Ki Dulhaniya in our college …"
"26","andperforming on their new song Humsafar from Badrinath Ki Dulhaniya in our college …"
"27","andperforming on their new song Humsafar from Badrinath Ki Dulhaniya in our college …"
"28","love youyou are the best humble kind sweet rockstarlovingall the best for Badrinath ki dulhaniyas…"
"29","andperforming on their new song Humsafar from Badrinath Ki Dulhaniya in our college"
"30","so beautiful lt"
"31","Share the love the laughter the emotions all this Friday Badrinath Ki Dulhaniya at a cinema near you March"
"32","I liked avideoRoke Na Ruke Naina Guitar Chords LessonBadrinath Ki Dulhaniya"
"33","Watch Video AliaBhatt And VarunDhawans FUNNY Moments During BadrinathKiDulhaniya INTERVIEWS…"
"34","This photo of Karan Johar kissing Alia Bhatt will melt your heart"
"35","This photo of Karan Johar kissing Alia Bhatt will melt your heart"
"36","I added a video to aplaylistBadrinath ki dulhaniya trailor comedy dubsmash dialogues of varun amp"
"37","Alia Bhatt Says Her Character In The Forthcoming Film Badrinath Ki Dulhaniya Is More Of A Feminist And Is Very"
"38","This photo ofkissingwill melt your heart

middaybollywood …"
"39","This photo ofkissingwill melt your heart

middaybollywood"
"40","I added a video to aplaylistBadrinath Ki Dulhaniya OFFICIAL First LookVarun Dhawan Alia Bhatt"
"41","And then it quickly moves to
Badrinath ki Dulhaniya dekhne chaloge"
"42","And then it quickly moves to
Badrinath ki Dulhaniya dekhne chaloge"
"43","This photo of Karan Johar kissing Alia Bhatt will melt your heart"
"44","This photo of Karan Johar kissing Alia Bhatt will melt your heart Alia Bhatt and Karan Johar Friends……"
"45","This photo of Karan Johar kissing Alia Bhatt will melt your heart"
"46","This photo of Karan Johar kissing Alia Bhatt will melt your heart"
"47","This photo of Karan Johar kissing Alia Bhatt will melt your heart"
"48","This is what Varun Dhawan said when asked about his dulhania"
"49","Alia Bhatt records for female version of Humsafar for Badrinath Ki Dulhania"
"50","I added a video to aplaylistBadrinath Ki DulhaniyaOfficial Trailervarun Dhawan Alia Bhatt"
"51","love youyou are the best humble kind sweet rockstarlovingall the best for Badrinath ki dulhaniyas…"
"52","Alia Bhatt records for female version of Humsafar for Badrinath Ki Dulhania"
"53","why you are doing Badrinath ki dulhaniya with same actor as humpty Sharma ki dulhaniya and the story also looks the same"
"54","Kolkata MarchIANS Actress Alia Bhatt says her character in the forthcoming film Badrinath Ki Dulhaniya is"
"55","How Gorgeous they areDays To Badrinath Ki Dulhaniya"
"56","I constantly fear failure Alia Bhatt Alia Bhatt Striking up a conversation with Alia Bhatt is easy… …"
"57","Watch Video Alia Bhatt And Varun Dhawans FUNNY Moments During Badrinath Ki Dulhaniya INTERVIEWS

…"
"58","Untagged PICSVarun Dhawan at the Special Screening Of Film Badrinath Ki Dulhaniya with his parents

CR …"
"59","Rumored girlfriend NatashaDalal Spotted at the special screening of film Badrinath Ki Dulhaniya …"
"60","Rumored girlfriend NatashaDalal Spotted at the special screening of film Badrinath Ki Dulhaniya …"
"61","Rumored girlfriend NatashaDalal Spotted at the special screening of film Badrinath Ki Dulhaniya …"
"62","Rumored girlfriend NatashaDalal Spotted at the special screening of film Badrinath Ki Dulhaniya"
"63","looks Stunning at thethe special screening of film Badrinath Ki Dulhaniya"
"64","love youyou are the best humble kind sweet rockstarlovingall the best for Badrinath ki dulhaniyas…"
"65","love youyou are the best humble kind sweet rockstarlovingall the best for Badrinath ki dulhaniyas…"
"66","love youyou are the best humble kind sweet rockstarlovingall the best for Badrinath ki dulhaniyas…"
"67","VarunDhawan amp AliaBhatts families at the special screening of Badrinath ki Dulhaniya
For more details"
"68","love youyou are the best humble kind sweet rockstarlovingall the best for Badrinath ki dulhaniyas…"
"69","I liked avideoHumsafarEasy Piano TutorialBadrinath Ki DulhaniyaThe Kamlesh"
"70","love youyou are the best humble kind sweet rockstarlovingall the best for Badrinath ki dulhaniyas…"
"71","Badrinath Ki Dulhaniya Best Clothes And Footwear Offers"
"72","love youyou are the best humble kind sweet rockstarlovingall the best for Badrinath ki dulhaniyas…"
"73","love youyou are the best humble kind sweet rockstarlovingall the best for Badrinath ki dulhaniyas…"
"74","love youyou are the best humble kind sweet rockstarlovingall the best for Badrinath ki dulhaniyas…"
"75","love youyou are the best humble kind sweet rockstarlovingall the best for Badrinath ki dulhaniyas…"
"76","love youyou are the best humble kind sweet rockstarlovingall the best for Badrinath ki dulhaniyas…"
"77","love youyou are the best humble kind sweet rockstarlovingall the best for Badrinath ki dulhaniyas…"
"78","SpecialScreening Of Film BadrinathKiDulhaniya

For More Pics"
"79","SpecialScreening Of Film BadrinathKiDulhaniya

For More Pics"
"80","love youyou are the best humble kind sweet rockstarlovingall the best for Badrinath ki dulhaniyas…"
"81","love youyou are the best humble kind sweet rockstarlovingall the best for Badrinath ki dulhaniyas…"
"82","love youyou are the best humble kind sweet rockstarlovingall the best for Badrinath ki dulhaniyas…"
"83","love youyou are the best humble kind sweet rockstarlovingall the best for Badrinath ki dulhaniyas…"
"84","love youyou are the best humble kind sweet rockstarlovingall the best for Badrinath ki dulhaniyas…"
"85","love youyou are the best humble kind sweet rockstarlovingall the best for Badrinath ki dulhaniyas…"
"86","love youyou are the best humble kind sweet rockstarlovingall the best for Badrinath ki dulhaniyas…"
"87","love youyou are the best humble kind sweet rockstarlovingall the best for Badrinath ki dulhaniyas…"
"88","love youyou are the best humble kind sweet rockstarlovingall the best for Badrinath ki dulhaniyas…"
"89","I added a video to aplaylistBadrinath Ki Dulhaniya Movie GRAND Screening Full VideoVarun"
"90","love youyou are the best humble kind sweet rockstarlovingall the best for Badrinath ki dulhaniyas…"
"91","march realise watching this movie 
So excitedbadrinath ki dulhaniya <U+653C><U+3E64><U+613C><U+3E30><U+623C><U+3E64><U+653C><U+3E64><U+623C><U+3E38><U+383C><U+3E64><U+653C><U+3E64><U+613C><U+3E30><U+623C><U+3E64><U+653C><U+3E64><U+623C><U+3E38><U+383C><U+3E64><U+653C><U+3E64><U+613C><U+3E30><U+623C><U+3E64><U+653C><U+3E64><U+623C><U+3E38><U+383C><U+3E64><U+653C><U+3E64><U+613C><U+3E30><U+623C><U+3E64><U+653C><U+3E64><U+623C><U+3E38><U+383C><U+3E64>"
"92","love youyou are the best humble kind sweet rockstarlovingall the best for Badrinath ki dulhaniy…"
"93","Mumbai The special screening of film BadrinathKiDulhania 



Bolllywood…"
"94","Untagged PICSVarun Dhawan at the Special Screening Of Film Badrinath Ki Dulhaniya with his parents

CR …"
"95","Untagged PICSVarun Dhawan at the Special Screening Of Film Badrinath Ki Dulhaniya with his parents

CR …"
"96","Untagged PICSVarun Dhawan at the Special Screening Of Film Badrinath Ki Dulhaniya with his parents

CR …"
"97","Varun Dhawan Alia Bhatt Badshah and others grace first screening of Badrinath Ki Dulhaniya"
"98","The special screening of film BadrinathKiDulhaniya"
"99","Untagged PICSVarun Dhawan at the Special Screening Of Film Badrinath Ki Dulhaniya with his parents

CR …"
"100","SpecialScreening Of Film BadrinathKiDulhaniya

For More Pics"
"101","SpecialScreening Of Film BadrinathKiDulhaniya

For More Pics"
"102","SpecialScreening Of Film BadrinathKiDulhaniya

For More Pics"
"103","Untagged PICSVarun Dhawan at the Special Screening Of Film Badrinath Ki Dulhaniya with his parents

CR …"
"104","SpecialScreening Of Film BadrinathKiDulhaniya

For More Pics"
"105","SpecialScreening Of Film BadrinathKiDulhaniya

For More Pics"
"106","I added a video to aplaylistBadrinath Ki Dulhaniya actor Sahil Vaid Exclusive Interview"
"107","Rumored girlfriend NatashaDalal Spotted at the special screening of film Badrinath Ki Dulhaniya"
"108","badrinath ki dulhaniya in theatarsdays to go im so exited"
"109","SpecialScreening Of Film BadrinathKiDulhaniya

For More Pics"
"110","SpecialScreening Of Film BadrinathKiDulhaniya

For More Pics"
"111","looks Stunning at thethe special screening of film Badrinath Ki Dulhaniya"
"112","Untagged PICSVarun Dhawan at the Special Screening Of Film Badrinath Ki Dulhaniya with his parents

CR …"
"113","Untagged PICSVarun Dhawan at the Special Screening Of Film Badrinath Ki Dulhaniya with his parents

CR …"
"114","Untagged PICSVarun Dhawan at the Special Screening Of Film Badrinath Ki Dulhaniya with his parents

CR …"
"115","Untagged PICSVarun Dhawan at the Special Screening Of Film Badrinath Ki Dulhaniya with his parents

CR …"
"116","Untagged PICSVarun Dhawan at the Special Screening Of Film Badrinath Ki Dulhaniya with his parents

CR …"
"117","Untagged PICSVarun Dhawan at the Special Screening Of Film Badrinath Ki Dulhaniya with his parents …"
"118","About Last Night Badrinath Ki Dulhaniya Movie Screening At Mumbai Pics For Click Here"
"119","only days to go for Badrinath Ki Dulhaniya to much excited <U+653C><U+3E64><U+613C><U+3E30><U+623C><U+3E64><U+653C><U+3E64><U+623C><U+3E38><U+383C><U+3E33> Love you Dulhaniya<U+653C><U+3E64><U+613C><U+3E30><U+623C><U+3E64><U+653C><U+3E64><U+623C><U+3E38><U+383C><U+3E64><U+653C><U+3E64><U+613C><U+3E30><U+623C><U+3E64><U+653C><U+3E64><U+623C><U+3E38><U+393C><U+3E38><U+653C><U+3E64><U+613C><U+3E30><U+623C><U+3E64><U+653C><U+3E64><U+623C><U+3E38><U+393C><U+3E38><U+653C><U+3E64><U+613C><U+3E30><U+623C><U+3E64><U+653C><U+3E64><U+623C><U+3E38><U+393C><U+3E38><U+653C><U+3E64><U+613C><U+3E30><U+623C><U+3E64><U+653C><U+3E64><U+623C><U+3E38><U+383C><U+3E64><U+653C><U+3E64><U+613C><U+3E30><U+623C><U+3E64><U+653C><U+3E64><U+623C><U+3E38><U+383C><U+3E64>"
"120","SpecialScreening Of Film BadrinathKiDulhaniya

For More Pics"
"121","SpecialScreening Of Film BadrinathKiDulhaniya

For More Pics"
"122","SpecialScreening Of Film BadrinathKiDulhaniya

For More Pics"
"123","Alia Bhatt and Varun Dhawan tease the paparazzi"
"124","SpecialScreening Of Film BadrinathKiDulhaniya

For More Pics"
"125","Badrinath ki Dulhaniya is real surrogate mother of Karan Johars twinssource"
"126","How Gorgeous they areDays To Badrinath Ki Dulhaniya"
"127","Exclusive Looks from Badrinath ki Dulhaniya Good Night"
"128","SpecialScreening Of Film BadrinathKiDulhaniya

For More Pics"
"129","SpecialScreening Of Film BadrinathKiDulhaniya

For More Pics"
"130","How Gorgeous they areDays To Badrinath Ki Dulhaniya"
"131","I am fan of your after the watch your badlapur and My best wishes to you for your new movie Badrinath ki dulhaniya"
"132","SpecialScreening Of Film BadrinathKiDulhaniya

For More Pics"
"133","How Gorgeous they areDays To Badrinath Ki Dulhaniya"
"134","How Gorgeous they areDays To Badrinath Ki Dulhaniya"
"135","How Gorgeous they areDays To Badrinath Ki Dulhaniya"
"136","How Gorgeous they areDays To Badrinath Ki Dulhaniya"
"137","How Gorgeous they areDays To Badrinath Ki Dulhaniya"
"138","Varun Dhawan and Alia Bhatt sing dance and click selfies while promoting Badrinath Ki…"
"139","Fans of Varun and Alia be like
 days left for Badrinath ki Dulhaniya lt
And I be like
 days left for boards"
"140","Varun Dhawan and Alia Bhatt sing dance and click selfies while promoting Badrinath Ki…"
"141","I liked avideoRoke Na Ruke NainaCover By Himanshu PareekBadrinath Ki DulhaniyaArijit Singh"
"142","Roke Na Ruke Naina from the movie Badrinath ki Dulhaniya requested byI hope you…"
"143","Varun amp Alia are back with another romantic comedy Badrinath Ki Dulhaniya Set songs from the film as dialer tune …"
"144","Guys please go and watch Badrinath ki Dulhaniya on th March <U+2764>"
"145","Releasing this Friday
BADRINATH KI DULHANIYAProduced by Karan Johar Starring Varun Dhawan Alia Bhatt

KONGSKULL ISLAND"
"146","Varun amp Alia are back with another romantic comedy Badrinath Ki Dulhaniya Set songs from the film as dialer tune…"
"147","I liked avideo fromAre you Badrinath ki perfect dulhaniya"
"148","i will watch badrinath ki dulhaniya<U+653C><U+3E64><U+613C><U+3E30><U+623C><U+3E64><U+653C><U+3E64><U+623C><U+3E38><U+383C><U+3E64><U+653C><U+3E64><U+613C><U+3E30><U+623C><U+3E64><U+653C><U+3E64><U+623C><U+3E38><U+383C><U+3E64><U+653C><U+3E64><U+613C><U+3E30><U+623C><U+3E64><U+653C><U+3E64><U+623C><U+3E38><U+383C><U+3E64> till then no movie only food n sleep<U+653C><U+3E64><U+613C><U+3E30><U+623C><U+3E64><U+653C><U+3E64><U+623C><U+3E38><U+383C><U+3E32><U+653C><U+3E64><U+613C><U+3E30><U+623C><U+3E64><U+653C><U+3E64><U+623C><U+3E38><U+383C><U+3E32><U+653C><U+3E64><U+613C><U+3E30><U+623C><U+3E64><U+653C><U+3E64><U+623C><U+3E38><U+383C><U+3E32><U+653C><U+3E64><U+613C><U+3E30><U+623C><U+3E64><U+653C><U+3E64><U+623C><U+3E38><U+393C><U+3E64><U+653C><U+3E64><U+613C><U+3E30><U+623C><U+3E64><U+653C><U+3E64><U+623C><U+3E38><U+393C><U+3E64>"
"149","Unseen LeakedClips of BadrinathKiDulhaniya
Visit"
"150","I liked avideo fromAre you Badrinath ki perfect dulhaniya"
"151","I liked avideo fromAre you Badrinath ki perfect dulhaniya"
"152","I liked avideo fromAre you Badrinath ki perfect dulhaniya"
"153","I liked avideo fromAre you Badrinath ki perfect dulhaniya"
"154","I liked avideo fromAre you Badrinath ki perfect dulhaniya"
"155","I liked avideo fromAre you Badrinath ki perfect dulhaniya"
"156","I liked avideo fromAre you Badrinath ki perfect dulhaniya"
"157","I liked avideoHumsafar full song clean KARAOKE WITH LYRICS Badrinath ki dulhaniya"
"158","I added a video to aplaylistAlia Bhatt amp Varun Dhawans Interview For Badrinath Ki Dulhaniya"
"159","Alia Bhatt and Varun Dhawan get playful"
"160","Alia Bhatt and Varun Dhawan get playful"
"161","Alia Bhatt and Varun Dhawan get playful"
"162","Surrender Hua Song…"
"163","Alia Bhatt and Varun Dhawan get playful"
"164","Alia Bhatt and Varun Dhawan get playful"
"165","Alia Bhatt and Varun Dhawan get playful"
"166","andwill be there at Korum Mall Thane in the evening to promote Badrinath ki Dulhaniya 

…"
"167","Alia Bhatt and Varun Dhawan get playful Varun Dhawan and Alia Bhatt Alia Bhatt and Varun Dhawan get… …"
"168","I added a video to aplaylistAlia Bhatt amp Varun Dhawans Interview For Badrinath Ki Dulhaniya"
"169","AliaBhatt and VarunDhawan get playful movienews"
"170","Alia Bhatt and Varun Dhawan get playful"
"171","Alia Bhatt and Varun Dhawan get playful"
"172","Alia Bhatt and Varun Dhawan get playful"
"173","Alia Bhatt and Varun Dhawan get playful Varun Dhawan and Alia Bhatt Alia Bhatt and Varun Dhawan get……"
"174","Alia Bhatt and Varun Dhawan get playful"
"175","Alia Bhatt and Varun Dhawan get playful"
"176","Alia Bhatt and Varun Dhawan get playful"
"177","VarunDhawan Dont let periods shut girls out of schools movienews"
"178","Alia Bhatt and Varun Dhawan get playful"
"179","Watch Video Alia Bhatt And Varun Dhawans FUNNY Moments During Badrinath Ki Dulhaniya INTERVIEWS

…"
"180","Varun Dhawan Dont let periods shut girls out of schools Varun Dhawan Mumbai Actor Varun Dhawan has… …"
"181","VarunDhawan Dont let periods shut girls out of schools movienews"
"182","Varun Dhawan Dont let periods shut girls out of schools"
"183","Varun Dhawan Dont let periods shut girls out of schools"
"184","Varun Dhawan Dont let periods shut girls out of schools"
"185","Varun Dhawan Dont let periods shut girls out of schools Varun Dhawan Mumbai Actor Varun Dhawan has……"
"186","Varun Dhawan Dont let periods shut girls out of schools"
"187","There is a fish market of singing reality shows in TV these days
Every channel has got one with Badrinath ki Dulhaniya…"
"188","Watch Video Alia Bhatt And Varun Dhawans FUNNY Moments During Badrinath Ki Dulhaniya INTERVIEWS

…"
"189","Watch Video Alia Bhatt And Varun Dhawans FUNNY Moments During Badrinath Ki Dulhaniya INTERVIEWS

…"
"190","This was sumtym last yr Nd I still rmembr u clicked it Such a nice gesture Happy Me Cant wait for Badr…"
"191","Please visit Wave Mall Lucknow FB page for the details of BadriNath Ki Dulhaniya contest"
"192","Wish You All the BestFor Your Film Badrinath Ki Dulhaniya"
"193","andwill be there at Korum Mall Thane in the evening to promote Badrinath ki Dulhaniya 

…"
"194","I added a video to aplaylistBadrinath Ki Dulhaniya Roke Na RukeNaina Song Karan Johar’s Tweet"
"195","I added a video to aplaylistBadrinath Ki Dulhaniya Roke Na RukeNaina Song Karan Johar’s Tweet"
"196","andwill be there at Korum Mall Thane in the evening to promote Badrinath ki Dulhaniya 

…"
"197","I liked avideo fromHumsafar Cover Acoustic Version By PuneetBadrinath Ki Dulhaniya"
"198","andwill be there at Korum Mall Thane in the evening to promote Badrinath ki Dulhaniya"
"199","AliaBhatt says ShraddhaKapoor is more successful than her in an interview with midday 

Bollywood h…"
"200","Alia Bhattis more successful than meAliaBhatt BollywoodActresses …"
"201","I added a video to aplaylistBadrinath Ki Dulhaniya Movie Trailer and Songs PostersHoli Special"
"202","Watch Video Alia Bhatt And Varun Dhawans FUNNY Moments During Badrinath Ki Dulhaniya INTERVIEWS

…"
"203","Roke Na Ruke Naina from Badrinath Ki DulhaniyaTry this song in your GuitarKey BoardGet the notes here"
"204","SirHave U listenedHumsafarfrom Badrinath Ki DulhaniyaI swear Akhil Sachdevasounds like u"
"205","Alia Bhatt Looks Girl N Chic In for Badrinath Ki Dulhaniya Promotions"
"206","Badrinath and his dulhaniya in the house today pmTKSS"
"207","My prediction for movie
BadriNath ki Dulhaniya Is 
Hit
Whats urs React 
Like for Hit
Love for superhit"
"208","In March only Logan amp Badrinath ki Dulhaniya do good business at BO"
"209","Watch Video Alia Bhatt And Varun Dhawans FUNNY Moments During Badrinath Ki Dulhaniya INTERVIEWS

…"
"210","Watch Video Alia Bhatt And Varun Dhawans FUNNY Moments During Badrinath Ki Dulhaniya INTERVIEWS

…"
"211","This was sumtym last yr Nd I still rmembr u clicked it Such a nice gesture Happy Me Cant wait for Badr…"
"212","Watch Video Alia Bhatt And Varun Dhawans FUNNY Moments During Badrinath Ki Dulhaniya INTERVIEWS

…"
"213","Watch Video Alia Bhatt And Varun Dhawans FUNNY Moments During Badrinath Ki Dulhaniya INTERVIEWS

…"
"214","Watch Video Alia Bhatt And Varun Dhawans FUNNY Moments During Badrinath Ki Dulhaniya INTERVIEWS

…"
"215","This was sumtym last yr Nd I still rmembr u clicked it Such a nice gesture Happy Me Cant wait for Badr…"
"216","Watch Video Alia Bhatt And Varun Dhawans FUNNY Moments During Badrinath Ki Dulhaniya INTERVIEWS

…"
"217","Whats wrong with alia bhat Getting that bindi completely wrong in badrinath ki dulhaniya"
"218","Watch Video Alia Bhatt And Varun Dhawans FUNNY Moments During Badrinath Ki Dulhaniya INTERVIEWS

…"
"219","days to go for badrinath ki dulhaniya tomorrow youll be in Lucknow wish could meet you<U+2764><U+2764>
 hope to get a reply atleast once"
"220","Logan was so dark violent amp lacklustre in colour I wonder watching it in BampW would make people prefer watching Badrinath ki dulhaniya"
"221","Watch Video Alia Bhatt And Varun Dhawans FUNNY Moments During Badrinath Ki Dulhaniya INTERVIEWS

…"
"222","Watch Video Alia Bhatt And Varun Dhawans FUNNY Moments During Badrinath Ki Dulhaniya INTERVIEWS

…"
"223","Watch Video Alia Bhatt And Varun Dhawans FUNNY Moments During Badrinath Ki Dulhaniya INTERVIEWS

…"
"224","Watch Video Alia Bhatt And Varun Dhawans FUNNY Moments During Badrinath Ki Dulhaniya INTERVIEWS

…"
"225","Watch Video Alia Bhatt And Varun Dhawans FUNNY Moments During Badrinath Ki Dulhaniya INTERVIEWS

…"
"226","This was sumtym last yr Nd I still rmembr u clicked it Such a nice gesture Happy Me Cant wait for Badr…"
"227","Watch Video Alia Bhatt And Varun Dhawans FUNNY Moments During Badrinath Ki Dulhaniya INTERVIEWS

…"
"228","There is a fish market of singing reality shows in TV these days
Every channel has got one with Badrinath ki Dulhaniya as guest"
"229","Watch Video Alia Bhatt And Varun Dhawans FUNNY Moments During Badrinath Ki Dulhaniya INTERVIEWS

…"
"230","Watch Video Alia Bhatt And Varun Dhawans FUNNY Moments During Badrinath Ki Dulhaniya INTERVIEWS…"
"231","Make your weekend awesome catch the starcast of Badrinath ki dulhaniya…"
"232","Make your weekend awesome catch the starcast of Badrinath ki dulhaniya…"
"233","Make your weekend awesome catch the starcast of Badrinath ki dulhaniya…"
"234","Make your weekend awesome catch the starcast of Badrinath ki dulhaniya…"
"235","Cant wait to watch perfect jodi of Badrinath Ki Dulhaniya Welcomeampto VoiceIndiaLives…"
"236","Cant wait to watch perfect jodi of Badrinath Ki Dulhaniya Welcomeampto VoiceIndiaLives…"
"237","Cant wait to watch perfect jodi of Badrinath Ki Dulhaniya Welcomeampto VoiceIndiaLives…"
"238","Make your weekend awesome catch the starcast of Badrinath ki dulhaniyaVoiceIndiaLives"
"239","Cant wait to watch perfect jodi of Badrinath Ki Dulhaniya Welcomeampto VoiceIndiaLives  at"
"240","This was sumtym last yr Nd I still rmembr u clicked it Such a nice gesture Happy Me Cant wait for Badr…"
"241","Please visit Wave Mall Lucknow FB page for the details of BadriNath Ki Dulhaniya contest"
"242","This was sumtym last yr Nd I still rmembr u clicked it Such a nice gesture Happy Me Cant wait for Badr…"
"243","This was sumtym last yr Nd I still rmembr u clicked it Such a nice gesture Happy Me Cant wait for Badr…"
"244","This was sumtym last yr Nd I still rmembr u clicked it Such a nice gesture Happy Me Cant wait for Badr…"
"245","This was sumtym last yr Nd I still rmembr u clicked it Such a nice gesture Happy Me Cant wait for Badr…"
"246","This was sumtym last yr Nd I still rmembr u clicked it Such a nice gesture Happy Me Cant wait for Badr…"
"247","This was sumtym last yr Nd I still rmembr u clicked it Such a nice gesture Happy Me Cant wait for Badr…"
"248","This was sumtym last yr Nd I still rmembr u clicked it Such a nice gesture Happy Me Cant wait for Badr…"
"249","This was sumtym last yr Nd I still rmembr u clicked it Such a nice gesture Happy Me Cant wait for Badr…"
"250","Executed amp Conceptualised by WhyStayCalm entertainmentBrand street IndiaAsssociation of Voltas With Badrinath ki…"
"251","Eh I am crushing hard on Holi song of Badrinath Ki DulhaniyaSoEarthy and Sexy I wanna dance the fuck out of the song"
"252","This was sumtym last yr Nd I still rmembr u clicked it Such a nice gesture Happy Me Cant wait for Badr…"
"253","This was sumtym last yr Nd I still rmembr u clicked it Such a nice gesture Happy Me Cant wait for…"
"254","I love you varun Best of luck for badrinath ki dulhaniya And tital song was very beautiful songvarun I am a biggest fan of you"
"255","Alia Bhatt amp Varun Dhawan Just Blued Themselves"
"256","Twinning and winning Jabra fancopies s hairstyle"
"257","Executed amp Conceptualised by WhyStayCalm entertainmentBrand street IndiaAsssociation of Voltas With Badrinath…"
"258","Already seen and loved bro Kindly give ticket for Badrinath Ki Dulhaniya"
"259","BadrinathkiDulhaniamakessolve math sums for promotions…"
"260","Alia Bhatt amp Varun Dhawan Just Blued Themselves"
"261","Alia Bhatt and Varun Dhawan tease the paparazzi"
"262","Badriand his Dulhaniaand tease the paparazzi"
"263","Alia Bhatt and Varun Dhawan tease the paparazzi"
"264","Badriand his Dulhaniaand tease the paparazzi"
"265","My Next Movies list which i m Going ti watch
 Logaan
 Badrinath Ki dulhaniya
 Baahubali"
"266","My Next Movies list which i m Going ti watch
 Logaan
 Badrinath Ki dulhaniya
 Baahubali"
"267","Alia Bhatt amp Varun Dhawan Just Blued Themselves"
"268","BadrinathkiDulhaniamakessolve math sums for promotions…"
"269","Arijit’s Latest Breakup Song From Badrinath Ki Dulhaniya Will Touch Your Hearts amp Make You Cry…"
"270","Alia Bhatt amp Varun Dhawan Just Blued Themselves"
"271","Alia Bhatt amp Varun Dhawan Just Blued Themselves"
"272","Alia Bhatt amp Varun Dhawan Just Blued Themselves"
"273","Badriand his Dulhaniaand tease the paparazzi"
"274","Badriand his Dulhaniaand tease the paparazzi"
"275","AliaBhatt VarunDhawan to promote BadrinathKiDulhania movie at KORUMMall Thane DharmaProductions KaranJohar…"
"276","AliaBhatt amp VarunDhawan to promote BadrinathKiDulhaniya”"
"277","AliaBhatt amp VarunDhawan to promote BadrinathKiDulhaniya” movie at KORUMMall"
"278","Badriand his Dulhaniaand tease the paparazzi"
"279","AliaBhatt amp VarunDhawan to promote BadrinathKiDulhaniya” movie at KORUMMall"
"280","HT Top stories smartphonemobilenewsmobilenews newsapp newsworldnewsindianewsgoogleplay"
"281","Badriand his Dulhaniaand tease the paparazzi"
"282","Badriand his Dulhaniaand tease the paparazzi"
"283","Badriand his Dulhaniaand tease the paparazzi"
"284","Badriand his Dulhaniaand tease the paparazzi"
"285","Badriand his Dulhaniaand tease the paparazzi"
"286","Badriand his Dulhaniaand tease the paparazzi"
"287","BadrinathkiDulhaniamakessolve math sums for promotions…"
"288","Answer ofQuestions of VarunAndAliaAtKORUM is 
A Badrinath ki Dulha…"
"289","BadrinathkiDulhaniamakessolve math sums for promotions…"
"290","BadrinathkiDulhaniamakessolve math sums for promotions…"
"291","BadrinathkiDulhaniamakessolve math sums for promotions…"
"292","BadrinathkiDulhaniamakessolve math sums for promotions…"
"293","Alia <U+653C><U+3E64><U+613C><U+3E30><U+623C><U+3E64><U+653C><U+3E64><U+623C><U+3E38><U+383C><U+3E31>"
"294","BadrinathkiDulhaniamakessolve math sums for promotions…"
"295","BadrinathkiDulhaniamakessolve math sums for promotions…"
"296","BadrinathkiDulhaniamakessolve math sums for promotions…"
"297","BadrinathkiDulhania aliaa makes Varundvn solve math sums for promotions"
"298","BadrinathkiDulhaniamakessolve math sums for promotions"
"299","Alia Bhatt and Varun Dhawan tease the paparazzi"
"300","My Next Movies list which i m Going ti watch
 Logaan
 Badrinath Ki dulhaniya
 Baahubali"
"301","Badrinath Ki Dulhaniyaandjust seven days to go"
"302","Varun Dhawan Redefines Handsome With His Cool StyleMyFashgram"
"303","TV stars Rituraj Yashand Leena to make their mark in BadrinathKiDulhania"
"304","I liked avideoRoke Na Ruke NainaNew Sad songBadrinath Ki DulhaniyaHeart thrilling mix"
"305","TV stars Rituraj Yashand Leena to make their mark in BadrinathKiDulhania"
"306","Twinning and winning Jabra fancopies s hairstyle"
"307","badrinath ki dulhaniyas songs are really underwhelming next dharma album pls"
"308","Alia Bhatt and Varun Dhawan tease the paparazzi As though enjoying the…"
"309","Alia Bhatt and Varun Dhawan tease the paparazzi"
"310","Alia Bhatt and Varun Dhawan tease the paparazzi Alia Bhatt and Varun Dhawan As though enjoying the……"
"311","Alia Bhatt and Varun Dhawan tease the paparazzi"
"312","Alia Bhatt and Varun Dhawan tease the paparazzi"
"313","Alia Bhatt and Varun Dhawan tease the paparazzi"
"314","Nailed itmoves and grooves to TammaTammaAgain

…"
"315","m ur biggest fanUr my favourite heroWen I see u at theatre I see my self in u Waiting to watch Badrinath Ki dulhaniya"
"316","Nailed itmoves and grooves to TammaTammaAgain

…"
"317","Nailed itmoves and grooves to TammaTammaAgain

 …"
"318","This pretty one <U+653C><U+3E64><U+613C><U+3E30><U+623C><U+3E64><U+653C><U+3E64><U+623C><U+3E38><U+393C><U+3E38> at promotions for Badrinath Ki Dulhaniya today 
Makeup by me 
Hair…"
"319","gauahar is playing Laxmi Shankar in Badrinath ki dulhaniyai caught you Gau"
"320","Top Looks of Alia Bhatt from Badrinath ki Dulhaniya Promotions"
"321","Now waiting for Badrinath ki DulhaniyaAll the best"
"322","Badrinath ki Dulhaniya must beoryears old coz never seen a guy having such a oldfashioned name"
"323","Badrinath ki Dulhaniya must beoryears old coz never seen a guy having such a oldfashioned name"
"324","Badrinath ki dulhaniya new theatric trailerdharma production
You like this movie trailer"
"325","Dont be an idiotBadrinath ki Dulhaniya is going brilliantly No need for cheap publicity"
"326","Cheap Level Publicity

Mahesh Bhatt and Alia got Death threat 
Then I saw Badrinath ki Dulhaniyas Trailer"
"327","Twinning and winning Jabra fancopies s hairstyle"
"328","Twinning and winning Jabra fancopies s hairstyle"
"329","Twinning and winning Jabra fancopies s hairstyle"
"330","Woke up and started dancing on Badrinath ki Dulhaniya Such a Big Boss wali feeling"
"331","Twinning and winning Jabra fancopies s hairstyle"
"332","Twinning and winning Jabra fancopies s hairstyle"
"333","Twinning and winning Jabra fancopies s hairstyle"
"334","Twinning and winning Jabra fancopies s hairstyle"
"335","Varun amp Alia are back with a new romanticcomedy Badrinath Ki Dulhaniya Set songs from film as your dialer tune…"
"336","Twinning and winning Jabra fancopies s hairstyle"
"337","Guys cant wait till th march<U+653C><U+3E64><U+613C><U+3E30><U+623C><U+3E64><U+653C><U+3E64><U+623C><U+3E38><U+383C><U+3E61><U+653C><U+3E64><U+613C><U+3E30><U+623C><U+3E64><U+653C><U+3E64><U+623C><U+3E38><U+383C><U+3E61><U+653C><U+3E64><U+613C><U+3E30><U+623C><U+3E64><U+653C><U+3E64><U+623C><U+3E38><U+383C><U+3E61>badrinath ki dulhaniya itt will be a blockbuster movie m so excited to watch th…"
"338","Waiting for Badrinath ki Dulhaniya be like <U+653C><U+3E64><U+613C><U+3E30><U+623C><U+3E64><U+653C><U+3E64><U+623C><U+3E38><U+383C><U+3E34>Thnx for this awsme track We love this songur…"
"339","i am very happy because badrinath ki dulhaniya is coming onmarchh 
i am very excited bcz i am from kota and kota reach bollywood"
"340","Twinning and winning Jabra fan Varun Dhawan copies Virat Kohlis hairstyle Badri is only … …"
"341","Twinning and winning Jabra fan Varun Dhawan copies Virat Kohlis hairstyle Badri is only ……"
"342","Woke up and started dancing on Badrinath ki Dulhaniya Such a Big Boss wali feeling"
"343","Set Untagged Pics OfampDuring Kala Ghoda Arts Festival <U+653C><U+3E64><U+613C><U+3E30><U+623C><U+3E64><U+653C><U+3E64><U+623C><U+3E38><U+383C><U+3E64><U+2764> BKD MONTHhtt…"
"344","Set Untagged Pics OfampDuring Kala Ghoda Arts Festival <U+653C><U+3E64><U+613C><U+3E30><U+623C><U+3E64><U+653C><U+3E64><U+623C><U+3E38><U+383C><U+3E64><U+2764> BKD MONTHhtt…"
"345","Untagged Pic Of The One amp Only Badri At Kala Ghoda Arts Festival <U+653C><U+3E64><U+613C><U+3E30><U+623C><U+3E64><U+653C><U+3E64><U+623C><U+3E38><U+383C><U+3E64><U+2764>BKD MONTH…"
"346","Waiting for Badrinath ki Dulhaniya be like <U+653C><U+3E64><U+613C><U+3E30><U+623C><U+3E64><U+653C><U+3E64><U+623C><U+3E38><U+383C><U+3E34>Thnx for this awsme track We love this song…"
"347","inlove with the song humsafar from Badrinath ki Dulhaniya awesome heart whelming bollywood music"
"348","Badrinath Ki Dulhaniya Team Visit The Voice India Set For PromotionBollywood Latest News"
"349","Varun Dhawan and Alia Bhatt on the set of The Voice India to promote Badrinath Ki Dulhaniya"
"350","Heres a list of song from BadrinathKiDulhania that you must have in your playlist
 …"
"351","Heres a list of song from BadrinathKiDulhania that you must have in your playlist"
"352","Untagged Pic Of The One amp Only Badri At Kala Ghoda Arts Festival <U+653C><U+3E64><U+613C><U+3E30><U+623C><U+3E64><U+653C><U+3E64><U+623C><U+3E38><U+383C><U+3E64><U+2764>BKD MONTH…"
"353","Set Untagged Pics OfampDuring Kala Ghoda Arts Festival <U+653C><U+3E64><U+613C><U+3E30><U+623C><U+3E64><U+653C><U+3E64><U+623C><U+3E38><U+383C><U+3E64><U+2764> BKD MONTHhtt…"
"354","Gorgeous <U+653C><U+3E64><U+613C><U+3E30><U+623C><U+3E64><U+653C><U+3E64><U+623C><U+3E38><U+383C><U+3E64>
ALIA BHATT AT THE BADRINATH KI DULHANIYA PROMOTIONS TODAY
Makeup <U+653C><U+3E64><U+613C><U+3E30><U+623C><U+3E64><U+653C><U+3E64><U+623C><U+3E32><U+383C><U+3E34> me<U+653C><U+3E64><U+613C><U+3E30><U+623C><U+3E64><U+653C><U+3E64><U+623C><U+3E38><U+383C><U+3E61>
Hair…"
"355","Untagged Pic Of The One amp Only Badri At Kala Ghoda Arts Festival <U+653C><U+3E64><U+613C><U+3E30><U+623C><U+3E64><U+653C><U+3E64><U+623C><U+3E38><U+383C><U+3E64><U+2764>BKD MONTH…"
"356","Set Untagged Pics OfampDuring Kala Ghoda Arts Festival <U+653C><U+3E64><U+613C><U+3E30><U+623C><U+3E64><U+653C><U+3E64><U+623C><U+3E38><U+383C><U+3E64><U+2764> BKD MONTHhtt…"
"357","Set Untagged Pics OfampDuring Kala Ghoda Arts Festival <U+653C><U+3E64><U+613C><U+3E30><U+623C><U+3E64><U+653C><U+3E64><U+623C><U+3E38><U+383C><U+3E64><U+2764> BKD MONTHhtt…"
"358","Set Untagged Pics OfampDuring Kala Ghoda Arts Festival <U+653C><U+3E64><U+613C><U+3E30><U+623C><U+3E64><U+653C><U+3E64><U+623C><U+3E38><U+383C><U+3E64><U+2764> BKD MONTHhtt…"
"359","Set Untagged Pics OfampDuring Kala Ghoda Arts Festival <U+653C><U+3E64><U+613C><U+3E30><U+623C><U+3E64><U+653C><U+3E64><U+623C><U+3E38><U+383C><U+3E64><U+2764> BKD MONTHhtt…"
"360","Untagged Pic Of The One amp Only Badri At Kala Ghoda Arts Festival <U+653C><U+3E64><U+613C><U+3E30><U+623C><U+3E64><U+653C><U+3E64><U+623C><U+3E38><U+383C><U+3E64><U+2764>BKD MONTH…"
"361","Untagged Pic Of The One amp Only Badri At Kala Ghoda Arts Festival <U+653C><U+3E64><U+613C><U+3E30><U+623C><U+3E64><U+653C><U+3E64><U+623C><U+3E38><U+383C><U+3E64><U+2764>BKD MONTH"
"362","Set Untagged Pics OfampDuring Kala Ghoda Arts Festival <U+653C><U+3E64><U+613C><U+3E30><U+623C><U+3E64><U+653C><U+3E64><U+623C><U+3E38><U+383C><U+3E64><U+2764> BKD MONTHhtt…"
"363","Set Untagged Pics OfampDuring Kala Ghoda Arts Festival <U+653C><U+3E64><U+613C><U+3E30><U+623C><U+3E64><U+653C><U+3E64><U+623C><U+3E38><U+383C><U+3E64><U+2764> BKD MONTHhtt…"
"364","Set Untagged Pics OfampDuring Kala Ghoda Arts Festival <U+653C><U+3E64><U+613C><U+3E30><U+623C><U+3E64><U+653C><U+3E64><U+623C><U+3E38><U+383C><U+3E64><U+2764> BKD MONTHhtt…"
"365","Set Untagged Pics OfampDuring Kala Ghoda Arts Festival <U+653C><U+3E64><U+613C><U+3E30><U+623C><U+3E64><U+653C><U+3E64><U+623C><U+3E38><U+383C><U+3E64><U+2764> BKD MONTHhtt…"
"366","Set Untagged Pics OfampDuring Kala Ghoda Arts Festival <U+653C><U+3E64><U+613C><U+3E30><U+623C><U+3E64><U+653C><U+3E64><U+623C><U+3E38><U+383C><U+3E64><U+2764> BKD MONTHhtt…"
"367","Set Untagged Pics OfampDuring Kala Ghoda Arts Festival <U+653C><U+3E64><U+613C><U+3E30><U+623C><U+3E64><U+653C><U+3E64><U+623C><U+3E38><U+383C><U+3E64><U+2764> BKD MONTH"
"368","Set Untagged Pics OfampDuring Kala Ghoda Arts Festival <U+653C><U+3E64><U+613C><U+3E30><U+623C><U+3E64><U+653C><U+3E64><U+623C><U+3E38><U+383C><U+3E64><U+2764> BKD MONTH"
"369","willcome to Kolkata for Badrinath ki dulhaniya promotionsAlong with<U+653C><U+3E64><U+613C><U+3E30><U+623C><U+3E65><U+653C><U+3E64><U+623C><U+3E34><U+393C><U+3E34>"
"370","Wait What Varun DhawanAlia Bhatts Badrinath Ki Dulhaniya asked to get NOC from matrimonial site"
"371","VarunDhawan and AliaBhatt can’t keep hands off each other during BadrinathKiDulhaniya promotions…"
"372","VarunDhawan and AliaBhatt can’t keep hands off each other during BadrinathKiDulhaniya promotions…"
"373","VarunDhawan and AliaBhatt can’t keep hands off each other during BadrinathKiDulhaniya promotions…"
"374","VarunDhawan and AliaBhatt can’t keep hands off each other during BadrinathKiDulhaniya promotions"
"375","Karan Johar asked by censor board to get NOC from a Matrimonial sight for BadrinathKiDulhania …"
"376","VarunDhawan and AliaBhatt can’t keep hands off each other during BadrinathKiDulhaniya promotions"
"377","Best of luck Varun for ur new best upcoming movie badrinath ki dulhaniya"
"378","DAYS TO GOAH
ANYWAYS EVERYONE PLEASE GO AND WATCH BADRINATH KI DULHANIYA ON THE TH OF MARCH OR ON HOLI MEANS ON A HOLIDAY"
"379","I added a video to aplaylistBadrinath Ki Dulhaniya Team Visit The Voice India Set For Promotion"
"380","eager to watch badrinath ki dulhaniyaluv ya so much"
"381","We Are In Love With Aashiq Surrender Hua From Badrinath Ki Dulhaniya…Read full details…"
"382","CBFC Grants UA Certificate To BadrinathKiDulhania ButTheres A Twist"
"383","pics to summarize AliaBhatt’s promotion style during BadrinathKiDulhaniya promotions"
"384","Karan Johar asked by censor board to get NOC from a Matrimonial sight for BadrinathKiDulhania …"
"385","pics to summarize AliaBhatt’s promotion style during BadrinathKiDulhaniya promotions"
"386","I added a video to aplaylistVarun Dhawan get Virat kohli cuts for Badrinath ki dulhaniya"
"387","and s bromance gt"
"388","and s bromance gt"
"389","and s bromance gt"
"390","Shashank Khaitan Badrinath Ki Dulhaniya is not a sequel Following the success of Humpty Sharma Ki……"
"391","Wait What Varun DhawanAlia Bhatts Badrinath Ki Dulhaniya asked to get NOC from matrimonial site ……"
"392","Karan Johar asked by censor board to get NOC from a Matrimonial sight for BadrinathKiDulhania"
"393","Karan Johar asked by censor board to get NOC from a Matrimonial sight for BadrinathKiDulhania"
"394","Wait What Varun DhawanAlia Bhatts Badrinath Ki Dulhaniya asked to get NOC from matrimo
Read More…"
"395","Wait What Varun DhawanAlia Bhatts Badrinath Ki Dulhaniya asked to get NOC from matrimonial site"
"396","Wait What Varun DhawanAlia Bhatts Badrinath Ki Dulhaniya asked to get NOC from matrimo
Read More…"
"397","Wait What Varun DhawanAlia Bhatts Badrinath Ki Dulhaniya asked to get NOC from matrimonial site…"
"398","Wait What Varun DhawanAlia Bhatts Badrinath Ki Dulhaniya asked to get NOC from matrimonial site…"
"399","This song from Badrinath Ki Dulhaniya is so bad it should be calledTrauma Trauma De De"
"400","I added a video to aplaylistBadrinath Ki Dulhaniya DubsmashVarun DhawanAlia Bhatt"
"401","Humsafar Badrinath ki dulhaniya
Cover version 
By Shraddha kumar 
Must Watch And Please subscribe to my youtube"
"402","I am waiting to see badrinath ki dulhaniya in theatersdaystogo
BNKD"
"403","I added a video to aplaylistBadrinath Ki Dulhaniya DubsmashVarun DhawanAlia Bhatt"
"404","I added a video to aplaylisthumsafar Badrinath Ki DulhaniyaVarun DhawanAlia Bhatt By"
"405","Alia Bhatts Mind Blowing Interview On Income Tax amp Badrinath Ki Dulhaniya"
"406","Alia Bhatts Mind Blowing Interview On Income Tax amp Badrinath Ki Dulhaniya

or Latest Updates"
"407","and s bromance gt"
"408","and s bromance gt"
"409","VarunDhawan and AliaBhatt promote BadrinathKiDulhaniya with costar AparshaktiKhurana on his show StarwithApar

…"
"410","and s bromance gt"
"411","and s bromance gt"
"412","and s bromance gt"
"413","and s bromance gt"
"414","and s bromance gt"
"415","VarunDhawan and AliaBhatt promote BadrinathKiDulhaniya with costar AparshaktiKhurana on his show StarwithApar

…"
"416","and s bromance gt"
"417","and s bromance gt"
"418","Badrinath Ki Dulhaniya

Net Practice karega kya<U+653C><U+3E64><U+613C><U+3E30><U+623C><U+3E64><U+653C><U+3E64><U+623C><U+3E38><U+383C><U+3E32><U+653C><U+3E64><U+613C><U+3E30><U+623C><U+3E64><U+653C><U+3E64><U+623C><U+3E38><U+383C><U+3E30><U+653C><U+3E64><U+613C><U+3E30><U+623C><U+3E64><U+653C><U+3E64><U+623C><U+3E38><U+383C><U+3E31>

Dulha gets in the mood Once asked by a Closed Friend<U+653C><U+3E64><U+613C><U+3E30><U+623C><U+3E64><U+653C><U+3E64><U+623C><U+3E38><U+393C><U+3E62><U+653C><U+3E64><U+613C><U+3E30><U+623C><U+3E64><U+653C><U+3E64><U+623C><U+3E38><U+393C><U+3E64>"
"419","VarunDhawan and AliaBhatt promote BadrinathKiDulhaniya with costar AparshaktiKhurana on his show StarwithApar

…"
"420","VarunDhawan and AliaBhatt promote BadrinathKiDulhaniya with costar AparshaktiKhurana on his show StarwithApar

…"
"421","VarunDhawan and AliaBhatt promote BadrinathKiDulhaniya with costar AparshaktiKhurana on his show StarwithApar

…"
"422","VarunDhawan and AliaBhatt promote BadrinathKiDulhaniya with costar AparshaktiKhurana on his show StarwithApar

…"
"423","VarunDhawan and AliaBhatt promote BadrinathKiDulhaniya with costar AparshaktiKhurana on his show StarwithApar…"
"424","The Beauty <U+653C><U+3E64><U+613C><U+3E30><U+623C><U+3E64><U+653C><U+3E64><U+623C><U+3E38><U+393C><U+3E38>yesterday at promotions
Badrinath Ki dulhaniya badrinathkidulhania 
Makeup by…"
"425","Alia Bhatt interview Choice of roles why she fears failure and upcoming films…"
"426","The Beauty <U+653C><U+3E64><U+613C><U+3E30><U+623C><U+3E64><U+653C><U+3E64><U+623C><U+3E38><U+393C><U+3E38>yesterday at promotions
Badrinath Ki dulhaniya badrinathkidulhania 
Makeup by…"
"427","This is what you need to know about BadrinathKiDulhania…"
"428","Humsafar Guitar Chords with Strumming Pattern BadrinathKiDulhaniya"
"429","hey I am a huge fanhis new film Badrinath ki dulhaniya is releasing on th march please wish him luck for the <U+653C><U+3E64><U+613C><U+3E30><U+623C><U+3E63><U+653C><U+3E64><U+623C><U+3E65><U+613C><U+3E35> <U+653C><U+3E64><U+613C><U+3E30><U+623C><U+3E64><U+653C><U+3E64><U+623C><U+3E32><U+613C><U+3E66>"
"430","I liked avideoDance OnBadrinath Ki Dulhaniya"
"431","This song from Badrinath Ki Dulhaniya is so bad it should be calledTrauma Trauma De De"
"432","I added a video to aplaylistBadrinath Ki Dulhaniya DubsmashVarun DhawanAlia Bhatt"
"433","Alia Bhatt interview Choice of roles why she fears failure and upcoming films…"
"434","Alia Bhatt interview Choice of roles why she fears failure and upcoming films…"
"435","Loving the title track of Badrinath Ki Dulhaniya has that typical desi Hindi hinterland feel and flavor"
"436","listen it if u get time"
"437","La la Land or Moonlight
hardly matters bcz it wasnt Badrinath ki Dulhaniya"
"438","I constantly fear failure"
"439","I liked avideoAlia amp Varuns FUNNY Moments During Badrinath Ki Dulhaniya Promotions"
"440","I liked avideoAlia amp Varuns FUNNY Moments During Badrinath Ki Dulhaniya Promotions"
"441","Alia Bhatts Mind Blowing Interview On Income Tax amp Badrinath Ki Dulhaniya"
"442","Alia Bhatts Mind Blowing Interview On Income Tax amp Badrinath Ki Dulhaniya"
"443","Alia Bhatts Mind Blowing Interview On Income Tax amp Badrinath Ki Dulhaniya"
"444","Waiting team badrinath ki dulhaniya at theatre Ur die hard fan Bdw njoy this…"
"445","AliaBhatt interview Choice of roles why she fears failure and upcoming films 

middaybollywood http…"
